zona,proveedor,ruta,producto,precio,fecha_precio,cif,costo_extra,venta
TEXAS (HOUSTON),MidTex,Seab.Hou,Gasolina,3.6558,2026-10-08,1.2,0.2342,1.600
TEXAS (HOUSTON),MidTex,Seab.Hou,Diésel,5.3517,2026-10-08,1.648,0.2342,2.048
TEXAS (HOUSTON),NueFuel,Seab.Hou,Gasolina,3.78,2026-09-28,1.232,0.2334,1.632
TEXAS (HOUSTON),NueFuel,Seab.Hou,Diésel,5.19,2026-09-28,1.605,0.2339,2.005
TEXAS (HOUSTON),NueFuel,Crow.Hou,Gasolina,3.78,2026-09-28,1.267,0.2684,1.667
TEXAS (HOUSTON),NueFuel,Crow.Hou,Diésel,5.19,2026-09-28,1.639,0.2679,2.039
TEXAS (HOUSTON),MidTex,Seab.Hou,IBC 330,5.3517,2026-10-08,1.944,0.5302,2.344
TEXAS (HOUSTON),MidTex,Seab.Hou,IBC 275,5.3517,2026-10-08,1.979,0.5652,2.379
MIAMI / PEV,Triton,Seab.Mia,Gasolina,4.1138,2026-10-03,1.29,0.2032,1.690
MIAMI / PEV,Triton,Seab.Mia,Diésel,5.08,2026-10-02,1.546,0.2040,1.946
MIAMI / PEV,Triton,Crow.PEV,Gasolina,4.1138,2026-10-03,1.348,0.2612,1.748
MIAMI / PEV,P.Consol,Crow.PEV,Gasolina,4.382,2026-09-24,1.433,0.2754,1.833
MIAMI / PEV,P.Consol,Crow.PEV,Diésel,6.21,2026-09-22,1.909,0.2685,2.309
MIAMI / PEV,W.Fuel,Crow.PEV,Gasolina,5.4451,2026-10-07,1.673,0.2346,2.073
MIAMI / PEV,W.Fuel,Crow.PEV,Diésel,7.0801,2026-10-07,2.105,0.2346,2.505
MIAMI / PEV,Radiant,Crow.PEV,Propano (bala 35 lb),51.0,2026-10-05,55.77,4.7700,56.170
